{
    "q_robot_affected_p1": [
        "yes",
        "no"
    ],
    "q_robot_affected_p1_probabilities": [
        0.5454545454545454,
        0.45454545454545453
    ],
    "q_robot_affected_p1_n_answers": 11,
    "q_robot_affected_p2": [
        "no",
        "yes"
    ],
    "q_robot_affected_p2_probabilities": [
        0.9090909090909091,
        0.09090909090909091
    ],
    "q_robot_affected_p2_n_answers": 11,
    "q_robot_affected_p3": [
        "no",
        "yes"
    ],
    "q_robot_affected_p3_probabilities": [
        0.9090909090909091,
        0.09090909090909091
    ],
    "q_robot_affected_p3_n_answers": 11,
    "q_robot_action_p1": [
        "yielding to",
        "avoiding",
        "not considering",
        "overtaking"
    ],
    "q_robot_action_p1_probabilities": [
        0.36363636363636365,
        0.2727272727272727,
        0.2727272727272727,
        0.09090909090909091
    ],
    "q_robot_action_p1_n_answers": 11,
    "q_robot_action_p2": [
        "not considering",
        "following",
        "overtaking"
    ],
    "q_robot_action_p2_probabilities": [
        0.7272727272727273,
        0.18181818181818182,
        0.09090909090909091
    ],
    "q_robot_action_p2_n_answers": 11,
    "q_robot_action_p3": [
        "not considering",
        "overtaking",
        "yielding to"
    ],
    "q_robot_action_p3_probabilities": [
        0.8181818181818182,
        0.09090909090909091,
        0.09090909090909091
    ],
    "q_robot_action_p3_n_answers": 11,
    "q_person_affected_p1": [
        "no",
        "yes"
    ],
    "q_person_affected_p1_probabilities": [
        0.9090909090909091,
        0.09090909090909091
    ],
    "q_person_affected_p1_n_answers": 11,
    "q_person_affected_p2": [
        "no",
        "yes"
    ],
    "q_person_affected_p2_probabilities": [
        0.9090909090909091,
        0.09090909090909091
    ],
    "q_person_affected_p2_n_answers": 11,
    "q_person_affected_p3": [
        "no",
        "yes"
    ],
    "q_person_affected_p3_probabilities": [
        0.9090909090909091,
        0.09090909090909091
    ],
    "q_person_affected_p3_n_answers": 11,
    "q_person_action_p1": [
        "not considering",
        "overtaking",
        "avoiding"
    ],
    "q_person_action_p1_probabilities": [
        0.6363636363636364,
        0.2727272727272727,
        0.09090909090909091
    ],
    "q_person_action_p1_n_answers": 11,
    "q_person_action_p2": [
        "not considering",
        "avoiding",
        "overtaking"
    ],
    "q_person_action_p2_probabilities": [
        0.8181818181818182,
        0.09090909090909091,
        0.09090909090909091
    ],
    "q_person_action_p2_n_answers": 11,
    "q_person_action_p3": [
        "not considering",
        "avoiding"
    ],
    "q_person_action_p3_probabilities": [
        0.8181818181818182,
        0.18181818181818182
    ],
    "q_person_action_p3_n_answers": 11,
    "": [
        "next"
    ],
    "_probabilities": [
        1.0
    ],
    "_n_answers": 1,
    "q_goal_position_begin": [
        "ahead",
        "to the left"
    ],
    "q_goal_position_begin_probabilities": [
        0.8181818181818182,
        0.18181818181818182
    ],
    "q_goal_position_begin_n_answers": 11,
    "q_goal_position_end": [
        "to the left",
        "ahead"
    ],
    "q_goal_position_end_probabilities": [
        0.6363636363636364,
        0.36363636363636365
    ],
    "q_goal_position_end_n_answers": 11,
    "q_obstructing_path_p1": [
        "yes",
        "no"
    ],
    "q_obstructing_path_p1_probabilities": [
        0.6363636363636364,
        0.36363636363636365
    ],
    "q_obstructing_path_p1_n_answers": 11,
    "q_obstructing_path_p2": [
        "no",
        "yes"
    ],
    "q_obstructing_path_p2_probabilities": [
        0.8181818181818182,
        0.18181818181818182
    ],
    "q_obstructing_path_p2_n_answers": 11,
    "q_obstructing_path_p3": [
        "no",
        "yes"
    ],
    "q_obstructing_path_p3_probabilities": [
        0.8181818181818182,
        0.18181818181818182
    ],
    "q_obstructing_path_p3_n_answers": 11,
    "q_obstructing_end_position_p1": [
        "yes",
        "no"
    ],
    "q_obstructing_end_position_p1_probabilities": [
        0.6363636363636364,
        0.36363636363636365
    ],
    "q_obstructing_end_position_p1_n_answers": 11,
    "q_obstructing_end_position_p2": [
        "no",
        "yes"
    ],
    "q_obstructing_end_position_p2_probabilities": [
        0.9090909090909091,
        0.09090909090909091
    ],
    "q_obstructing_end_position_p2_n_answers": 11,
    "q_obstructing_end_position_p3": [
        "no",
        "yes"
    ],
    "q_obstructing_end_position_p3_probabilities": [
        0.8181818181818182,
        0.18181818181818182
    ],
    "q_obstructing_end_position_p3_n_answers": 11,
    "q_robot_moving_direction": [
        [
            "moving ahead"
        ],
        [
            "moving ahead",
            "turning left"
        ],
        [
            "moving ahead",
            "turning right"
        ],
        [
            "moving ahead",
            "turning left",
            "turning right"
        ]
    ],
    "q_robot_moving_direction_probabilities": [
        0.45454545454545453,
        0.36363636363636365,
        0.09090909090909091,
        0.09090909090909091
    ],
    "q_robot_moving_direction_n_answers": 11,
    "q_person_spatial_position_begin_p1": [
        "to the left of",
        "ahead of"
    ],
    "q_person_spatial_position_begin_p1_probabilities": [
        0.7272727272727273,
        0.2727272727272727
    ],
    "q_person_spatial_position_begin_p1_n_answers": 11,
    "q_person_spatial_position_begin_p2": [
        "ahead of",
        "to the right of",
        "to the left of"
    ],
    "q_person_spatial_position_begin_p2_probabilities": [
        0.8181818181818182,
        0.09090909090909091,
        0.09090909090909091
    ],
    "q_person_spatial_position_begin_p2_n_answers": 11,
    "q_person_spatial_position_begin_p3": [
        "ahead of",
        "to the right of"
    ],
    "q_person_spatial_position_begin_p3_probabilities": [
        0.7272727272727273,
        0.2727272727272727
    ],
    "q_person_spatial_position_begin_p3_n_answers": 11,
    "q_person_spatial_position_end_p1": [
        "to the left of",
        "ahead of",
        "to the right of"
    ],
    "q_person_spatial_position_end_p1_probabilities": [
        0.45454545454545453,
        0.45454545454545453,
        0.09090909090909091
    ],
    "q_person_spatial_position_end_p1_n_answers": 11,
    "q_person_spatial_position_end_p2": [
        "ahead of",
        "to the left of"
    ],
    "q_person_spatial_position_end_p2_probabilities": [
        0.6363636363636364,
        0.36363636363636365
    ],
    "q_person_spatial_position_end_p2_n_answers": 11,
    "q_person_spatial_position_end_p3": [
        "ahead of",
        "to the right of",
        "to the left of"
    ],
    "q_person_spatial_position_end_p3_probabilities": [
        0.7272727272727273,
        0.18181818181818182,
        0.09090909090909091
    ],
    "q_person_spatial_position_end_p3_n_answers": 11,
    "q_person_distance_change_p1": [
        "closer to",
        "about the same distance to",
        "further away from"
    ],
    "q_person_distance_change_p1_probabilities": [
        0.8181818181818182,
        0.09090909090909091,
        0.09090909090909091
    ],
    "q_person_distance_change_p1_n_answers": 11,
    "q_person_distance_change_p2": [
        "about the same distance to",
        "further away from",
        "closer to"
    ],
    "q_person_distance_change_p2_probabilities": [
        0.5454545454545454,
        0.2727272727272727,
        0.18181818181818182
    ],
    "q_person_distance_change_p2_n_answers": 11,
    "q_person_distance_change_p3": [
        "about the same distance to",
        "further away from",
        "closer to"
    ],