{
    "q_robot_affected_p1": [
        "no",
        "yes"
    ],
    "q_robot_affected_p1_probabilities": [
        0.6666666666666666,
        0.3333333333333333
    ],
    "q_robot_affected_p1_n_answers": 9,
    "q_robot_affected_p2": [
        "no",
        "yes"
    ],
    "q_robot_affected_p2_probabilities": [
        0.6666666666666666,
        0.3333333333333333
    ],
    "q_robot_affected_p2_n_answers": 9,
    "q_robot_affected_p3": [
        "no",
        "yes"
    ],
    "q_robot_affected_p3_probabilities": [
        0.7777777777777778,
        0.2222222222222222
    ],
    "q_robot_affected_p3_n_answers": 9,
    "q_robot_affected_p4": [
        "no",
        "yes"
    ],
    "q_robot_affected_p4_probabilities": [
        0.5555555555555556,
        0.4444444444444444
    ],
    "q_robot_affected_p4_n_answers": 9,
    "q_robot_action_p1": [
        "avoiding",
        "not considering",
        "overtaking"
    ],
    "q_robot_action_p1_probabilities": [
        0.4444444444444444,
        0.4444444444444444,
        0.1111111111111111
    ],
    "q_robot_action_p1_n_answers": 9,
    "q_robot_action_p2": [
        "avoiding",
        "not considering",
        "overtaking"
    ],
    "q_robot_action_p2_probabilities": [
        0.4444444444444444,
        0.4444444444444444,
        0.1111111111111111
    ],
    "q_robot_action_p2_n_answers": 9,
    "q_robot_action_p3": [
        "following",
        "not considering",
        "yielding to",
        "avoiding"
    ],
    "q_robot_action_p3_probabilities": [
        0.5555555555555556,
        0.2222222222222222,
        0.1111111111111111,
        0.1111111111111111
    ],
    "q_robot_action_p3_n_answers": 9,
    "q_robot_action_p4": [
        "following",
        "yielding to"
    ],
    "q_robot_action_p4_probabilities": [
        0.8888888888888888,
        0.1111111111111111
    ],
    "q_robot_action_p4_n_answers": 9,
    "q_person_affected_p1": [
        "no",
        "yes"
    ],
    "q_person_affected_p1_probabilities": [
        0.6666666666666666,
        0.3333333333333333
    ],
    "q_person_affected_p1_n_answers": 9,
    "q_person_affected_p2": [
        "no",
        "yes"
    ],
    "q_person_affected_p2_probabilities": [
        0.6666666666666666,
        0.3333333333333333
    ],
    "q_person_affected_p2_n_answers": 9,
    "q_person_affected_p3": [
        "no",
        "yes"
    ],
    "q_person_affected_p3_probabilities": [
        0.8888888888888888,
        0.1111111111111111
    ],
    "q_person_affected_p3_n_answers": 9,
    "q_person_affected_p4": [
        "no",
        "yes"
    ],
    "q_person_affected_p4_probabilities": [
        0.8888888888888888,
        0.1111111111111111
    ],
    "q_person_affected_p4_n_answers": 9,
    "q_person_action_p1": [
        "not considering",
        "avoiding",
        "overtaking",
        "yielding to"
    ],
    "q_person_action_p1_probabilities": [
        0.4444444444444444,
        0.3333333333333333,
        0.1111111111111111,
        0.1111111111111111
    ],
    "q_person_action_p1_n_answers": 9,
    "q_person_action_p2": [
        "not considering",
        "avoiding",
        "overtaking"
    ],
    "q_person_action_p2_probabilities": [
        0.6666666666666666,
        0.2222222222222222,
        0.1111111111111111
    ],
    "q_person_action_p2_n_answers": 9,
    "q_person_action_p3": [
        "not considering",
        "yielding to",
        "following",
        "avoiding"
    ],
    "q_person_action_p3_probabilities": [
        0.5555555555555556,
        0.2222222222222222,
        0.1111111111111111,
        0.1111111111111111
    ],
    "q_person_action_p3_n_answers": 9,
    "q_person_action_p4": [
        "not considering",
        "yielding to",
        "following"
    ],
    "q_person_action_p4_probabilities": [
        0.6666666666666666,
        0.2222222222222222,
        0.1111111111111111
    ],
    "q_person_action_p4_n_answers": 9,
    "": [
        "next"
    ],
    "_probabilities": [
        1.0
    ],
    "_n_answers": 3,
    "q_goal_position_begin": [
        "ahead"
    ],
    "q_goal_position_begin_probabilities": [
        1.0
    ],
    "q_goal_position_begin_n_answers": 9,
    "q_goal_position_end": [
        "ahead",
        "to the right",
        "to the left"
    ],
    "q_goal_position_end_probabilities": [
        0.6666666666666666,
        0.2222222222222222,
        0.1111111111111111
    ],
    "q_goal_position_end_n_answers": 9,
    "q_obstructing_path_p1": [
        "no",
        "yes"
    ],
    "q_obstructing_path_p1_probabilities": [
        0.7777777777777778,
        0.2222222222222222
    ],
    "q_obstructing_path_p1_n_answers": 9,
    "q_obstructing_path_p2": [
        "no",
        "yes"
    ],
    "q_obstructing_path_p2_probabilities": [
        0.7777777777777778,
        0.2222222222222222
    ],
    "q_obstructing_path_p2_n_answers": 9,
    "q_obstructing_path_p3": [
        "no",
        "yes"
    ],
    "q_obstructing_path_p3_probabilities": [
        0.6666666666666666,
        0.3333333333333333
    ],
    "q_obstructing_path_p3_n_answers": 9,
    "q_obstructing_path_p4": [
        "yes",
        "no"
    ],
    "q_obstructing_path_p4_probabilities": [
        0.6666666666666666,
        0.3333333333333333
    ],
    "q_obstructing_path_p4_n_answers": 9,
    "q_obstructing_end_position_p1": [
        "no",
        "yes"
    ],
    "q_obstructing_end_position_p1_probabilities": [
        0.8888888888888888,
        0.1111111111111111
    ],
    "q_obstructing_end_position_p1_n_answers": 9,
    "q_obstructing_end_position_p2": [
        "no",
        "yes"
    ],
    "q_obstructing_end_position_p2_probabilities": [
        0.8888888888888888,
        0.1111111111111111
    ],
    "q_obstructing_end_position_p2_n_answers": 9,
    "q_obstructing_end_position_p3": [
        "no",
        "yes"
    ],
    "q_obstructing_end_position_p3_probabilities": [
        0.6666666666666666,
        0.3333333333333333
    ],
    "q_obstructing_end_position_p3_n_answers": 9,
    "q_obstructing_end_position_p4": [
        "yes",
        "no"
    ],
    "q_obstructing_end_position_p4_probabilities": [
        0.6666666666666666,
        0.3333333333333333
    ],
    "q_obstructing_end_position_p4_n_answers": 9,
    "q_robot_moving_direction": [
        [
            "moving ahead"
        ]
    ],
    "q_robot_moving_direction_probabilities": [
        1.0
    ],
    "q_robot_moving_direction_n_answers": 9,
    "q_person_spatial_position_begin_p1": [
        "ahead of",
        "to the left of",
        "behind"
    ],
    "q_person_spatial_position_begin_p1_probabilities": [
        0.5555555555555556,
        0.3333333333333333,
        0.1111111111111111
    ],
    "q_person_spatial_position_begin_p1_n_answers": 9,
    "q_person_spatial_position_begin_p2": [
        "ahead of",
        "to the left of",
        "behind"
    ],
    "q_person_spatial_position_begin_p2_probabilities": [
        0.5555555555555556,
        0.3333333333333333,
        0.1111111111111111
    ],
    "q_person_spatial_position_begin_p2_n_answers": 9,
    "q_person_spatial_position_begin_p3": [
        "ahead of",
        "behind",
        "to the right of"
    ],
    "q_person_spatial_position_begin_p3_probabilities": [
        0.6666666666666666,
        0.2222222222222222,
        0.1111111111111111
    ],
    "q_person_spatial_position_begin_p3_n_answers": 9,
    "q_person_spatial_position_begin_p4": [
        "ahead of",
        "behind",
        "to the right of"
    ],
    "q_person_spatial_position_begin_p4_probabilities": [
        0.6666666666666666,
        0.2222222222222222,
        0.1111111111111111
    ],
    "q_person_spatial_position_begin_p4_n_answers": 9,
    "q_person_spatial_position_end_p1": [
        "to the left of",
        "behind",
        "ahead of"
    ],